firstName,lastName,emailAddress
Dud,Ishak,dishak0@alexa.com
Jolyn,Bragg,jbragg1@go.com
Sallie,Gaw,sgaw2@mit.edu
Belle,De Biasi,bdebiasi3@ucla.edu
Bing,Filov,bfilov4@engadget.com
West,Douberday,wdouberday5@mozilla.org
Marion,Northridge,mnorthridge6@newsvine.com
Hillary,Whittle,hwhittle7@free.fr
Standford,Semour,ssemour8@live.com
Babs,Orridge,borridge9@exblog.jp
Arliene,Dunnett,adunnetta@microsoft.com
Anabal,Bick,abickb@icq.com
Thelma,Hoodlass,thoodlassc@ucsd.edu
Othello,Sperrett,osperrettd@feedburner.com
Kristal,Herche,kherchee@cbslocal.com
Archibaldo,Goldberg,agoldbergf@ted.com
Traver,Sutheran,tsutherang@wired.com
Noelani,Baggally,nbaggallyh@discuz.net
Maye,Peetermann,mpeetermanni@rambler.ru
Barbara,Coleyshaw,bcoleyshawj@unc.edu
Fania,Rewan,frewank@msu.edu
Wolfgang,Oakes,woakesl@illinois.edu
Ade,O' Timony,aotimonym@gov.uk
Cherrita,Dyers,cdyersn@wikimedia.org
Ram,Picknett,rpicknetto@sitemeter.com
Lauree,Welbelove,lwelbelovep@wikipedia.org
Christie,Fleischer,cfleischerq@earthlink.net
Winthrop,Hamm,whammr@virginia.edu
Cedric,Thring,cthrings@cpanel.net
Lenci,Skipsey,lskipseyt@oaic.gov.au
Marna,Breen,mbreenu@gravatar.com
Moss,Doret,mdoretv@flavors.me
Goldie,Garland,ggarlandw@webeden.co.uk
Arlena,Armytage,aarmytagex@cocolog-nifty.com
Ianthe,Hamlen,ihamleny@sakura.ne.jp
Mame,Kenworth,mkenworthz@gmpg.org
Joletta,O'Keefe,jokeefe10@artisteer.com
Demetris,Golby,dgolby11@privacy.gov.au
Brianna,Benez,bbenez12@ustream.tv
Gratia,Mahedy,gmahedy13@sbwire.com
Allissa,Kensall,akensall14@de.vu
Ingaberg,Laba,ilaba15@jalbum.net
Glory,Babalola,gbabalola16@deviantart.com
Yorke,Hemms,yhemms17@phpbb.com
Haskel,Najara,hnajara18@twitpic.com
Lennie,Portress,lportress19@seesaa.net
Fabian,Goodoune,fgoodoune1a@yellowbook.com
Valentin,Lambarton,vlambarton1b@ebay.com
Colas,Abrahamsen,cabrahamsen1c@deviantart.com
Christabella,O'Scully,coscully1d@samsung.com
Bennie,Trinke,btrinke1e@hatena.ne.jp
Cristian,Mackleden,cmackleden1f@wufoo.com
Rufus,Santello,rsantello1g@trellian.com
Smith,Songust,ssongust1h@prlog.org
Jeni,Rodger,jrodger1i@cnet.com
Constanta,Comiam,ccomiam1j@who.int
Burty,Cutbirth,bcutbirth1k@domainmarket.com
Keefer,Caddie,kcaddie1l@nsw.gov.au
Jarib,Ankers,jankers1m@linkedin.com
Nikita,Rennolds,nrennolds1n@arizona.edu
Norris,Millson,nmillson1o@bizjournals.com
Tait,O' Culligan,toculligan1p@biglobe.ne.jp
Mabel,Ferrarone,mferrarone1q@slate.com
Shepherd,Doud,sdoud1r@uiuc.edu
Alvin,Larmour,alarmour1s@hatena.ne.jp
May,Tellwright,mtellwright1t@youtu.be
Bret,Vallens,bvallens1u@tumblr.com
Gertrudis,Creavan,gcreavan1v@biglobe.ne.jp
Bev,Bolino,bbolino1w@bbb.org
Gilberte,Hedgeman,ghedgeman1x@topsy.com
Alf,Hacquoil,ahacquoil1y@rambler.ru
Clemens,Gallager,cgallager1z@bbc.co.uk
Ezra,Kares,ekares20@unc.edu
Ugo,Coom,ucoom21@symantec.com
Arthur,Ruggiero,aruggiero22@phpbb.com
Rockey,Kindall,rkindall23@elpais.com
Rurik,Farrear,rfarrear24@symantec.com
Nichole,Dillow,ndillow25@techcrunch.com
Jorge,Brydie,jbrydie26@people.com.cn
Albrecht,Defries,adefries27@noaa.gov
Murvyn,Longstaff,mlongstaff28@webs.com
Ewan,Crosland,ecrosland29@cloudflare.com
Jacynth,Weond,jweond2a@google.ru
Genni,Butt Gow,gbuttgow2b@360.cn
Ardelis,Loyley,aloyley2c@free.fr
Sholom,Furtado,sfurtado2d@jiathis.com
Hedwig,Linn,hlinn2e@redcross.org
Rutherford,Blacksell,rblacksell2f@usgs.gov
Rice,Scrinage,rscrinage2g@statcounter.com
Kerry,Kleynen,kkleynen2h@unicef.org
Deny,Frisel,dfrisel2i@e-recht24.de
Julee,Chaff,jchaff2j@youtu.be
Georgie,Eakly,geakly2k@squidoo.com
Euell,Snoddy,esnoddy2l@blogger.com
Daffie,Jarrold,djarrold2m@barnesandnoble.com
Elysia,Frewer,efrewer2n@blinklist.com
Kimball,Manie,kmanie2o@geocities.jp
Durand,Perell,dperell2p@unc.edu
Greta,Haigh,ghaigh2q@vimeo.com
Oberon,Worswick,oworswick2r@cnet.com
Martin,Ridesdale,mridesdale2s@mit.edu
Curcio,Pitherick,cpitherick2t@weather.com
Sherwynd,Slimings,sslimings2u@oaic.gov.au
Seumas,Suarez,ssuarez2v@nytimes.com
Sisile,Louis,slouis2w@mediafire.com
Kilian,Pittam,kpittam2x@blogspot.com
Vivyanne,Ashmore,vashmore2y@xinhuanet.com
Aksel,Hortop,ahortop2z@ifeng.com
Birk,Alves,balves30@devhub.com
Lauren,Eliesco,leliesco31@foxnews.com
Eugene,Moyles,emoyles32@qq.com
Karoline,Hourston,khourston33@eepurl.com
Stormi,Crowley,scrowley34@pagesperso-orange.fr
Daria,Zielinski,dzielinski35@google.com.au
Selby,Caveney,scaveney36@sourceforge.net
Cooper,Fanthome,cfanthome37@skype.com
Valentijn,O'Hollegan,vohollegan38@shareasale.com
Bobbe,O'Moylane,bomoylane39@flickr.com
Erinna,Raeside,eraeside3a@vimeo.com
Aili,Saiger,asaiger3b@zimbio.com
Chrotoem,de Chastelain,cdechastelain3c@photobucket.com
Adella,MacCall,amaccall3d@soundcloud.com
Leroi,Paulucci,lpaulucci3e@elegantthemes.com
Audrie,Barnhill,abarnhill3f@dropbox.com
Oswald,Domenget,odomenget3g@hp.com
Hagen,Blackston,hblackston3h@mayoclinic.com
Morris,Ducarne,mducarne3i@trellian.com
Aarika,Buddle,abuddle3j@indiatimes.com
Carolann,Bramwell,cbramwell3k@nydailynews.com
Marcela,Spencers,mspencers3l@opensource.org
Dulcine,Honatsch,dhonatsch3m@youku.com
Fons,O'Malley,fomalley3n@craigslist.org
Dimitri,Rasor,drasor3o@live.com
Leanna,Burwood,lburwood3p@sakura.ne.jp
Frances,Goady,fgoady3q@chron.com
Chantal,McCane,cmccane3r@t-online.de
Lewie,Harness,lharness3s@webs.com
Blinni,Boughey,bboughey3t@soundcloud.com
Arluene,Scad,ascad3u@hugedomains.com
Gareth,Shovel,gshovel3v@xrea.com
Horacio,Bremmell,hbremmell3w@ibm.com
Georgina,Westcot,gwestcot3x@soup.io
Nari,Chevers,nchevers3y@sina.com.cn
Ralina,Hankin,rhankin3z@cdbaby.com
Cybill,Lantaff,clantaff40@sphinn.com
Mac,Warrillow,mwarrillow41@arstechnica.com
Mitch,MacEllen,mmacellen42@newyorker.com
Meir,Avramov,mavramov43@aol.com
Merrile,Bomb,mbomb44@webs.com
Bathsheba,Waker,bwaker45@gov.uk
Sunny,Corhard,scorhard46@cloudflare.com
Shayna,Rappa,srappa47@elpais.com
Zita,Duiguid,zduiguid48@yahoo.co.jp
Franky,Boobier,fboobier49@acquirethisname.com
Kristos,Gilhooley,kgilhooley4a@livejournal.com
Aubert,Thornally,athornally4b@about.com
Lucretia,Ianno,lianno4c@webnode.com
Urban,Whitlow,uwhitlow4d@a8.net
Harold,Rhubottom,hrhubottom4e@wordpress.com
Catharina,Banville,cbanville4f@gnu.org
Clerc,Walework,cwalework4g@fda.gov
Randi,Tonbye,rtonbye4h@cdc.gov
Louie,Crosscombe,lcrosscombe4i@jiathis.com
Arch,Shortell,ashortell4j@toplist.cz
Leigh,Privost,lprivost4k@phoca.cz
Nicola,Oakenfall,noakenfall4l@goo.ne.jp
Ira,Gresham,igresham4m@harvard.edu
Shandie,Slee,sslee4n@sbwire.com
Archambault,Oscroft,aoscroft4o@hibu.com
Myrwyn,Kiledal,mkiledal4p@cnbc.com
Robinett,Hradsky,rhradsky4q@angelfire.com
Daniel,Duthy,dduthy4r@patch.com
Daveen,D'Errico,dderrico4s@qq.com
Jaquelyn,Fer,jfer4t@army.mil
Anallise,Edgerly,aedgerly4u@seesaa.net
Hilary,Marcroft,hmarcroft4v@disqus.com
Kippar,Butner,kbutner4w@gizmodo.com
Brant,Benezeit,bbenezeit4x@4shared.com
Rachele,Bissett,rbissett4y@youtube.com
Moishe,Pridham,mpridham4z@japanpost.jp
Bran,Robbey,brobbey50@scribd.com
Shawn,Ishaki,sishaki51@virginia.edu
Killian,Braunfeld,kbraunfeld52@bbb.org
Ranee,Aartsen,raartsen53@accuweather.com
Trudi,Asple,tasple54@gmpg.org
Roderich,Hazeup,rhazeup55@mail.ru
Monroe,Veevers,mveevers56@homestead.com
Enriqueta,Costi,ecosti57@timesonline.co.uk
Patrice,Stadden,pstadden58@java.com
Sorcha,Alcock,salcock59@flavors.me
Templeton,Foulis,tfoulis5a@newyorker.com
Frans,Sellner,fsellner5b@chicagotribune.com
Marsha,Tulloch,mtulloch5c@twitpic.com
Annabela,Cadore,acadore5d@fda.gov
Tyrus,Clampin,tclampin5e@mapquest.com
Rheta,Crownshaw,rcrownshaw5f@live.com
Georgy,Nutkin,gnutkin5g@zdnet.com
Jakob,Attwoull,jattwoull5h@walmart.com
Lilla,Sackes,lsackes5i@alexa.com
Charmine,Tremmil,ctremmil5j@cbsnews.com
Maribelle,Ledington,mledington5k@wordpress.com
Tyrus,Alvaro,talvaro5l@uiuc.edu
Kariotta,Gothliff,kgothliff5m@nih.gov
Dre,Willey,dwilley5n@ocn.ne.jp
Steffane,Silburn,ssilburn5o@ucla.edu
Olga,Klimowicz,oklimowicz5p@eventbrite.com
Edward,Heater,eheater5q@lulu.com
Felisha,Garn,fgarn5r@posterous.com
Maryrose,Dicky,mdicky5s@shutterfly.com
Connie,Wayon,cwayon5t@berkeley.edu
Olga,Fynes,ofynes5u@indiatimes.com
Waylin,Rainford,wrainford5v@harvard.edu
Aksel,Glanfield,aglanfield5w@zimbio.com
Maryanne,Rothschild,mrothschild5x@arstechnica.com
Ivor,Miall,imiall5y@auda.org.au
Veronique,Perrycost,vperrycost5z@flickr.com
Nathanial,Capstake,ncapstake60@timesonline.co.uk
Obadiah,Halley,ohalley61@smugmug.com
Wald,Golling,wgolling62@uiuc.edu
Gannon,Shaddock,gshaddock63@myspace.com
Luciano,Eltringham,leltringham64@icq.com
Gustavo,Skpsey,gskpsey65@hao123.com
Beverlee,Sandaver,bsandaver66@clickbank.net
Jan,Gisburn,jgisburn67@google.com.au
Kettie,Lewisham,klewisham68@bbb.org
Ive,Deller,ideller69@fotki.com
Svend,Hackwell,shackwell6a@chron.com
Rockwell,Toft,rtoft6b@redcross.org
Klaus,Lowson,klowson6c@nature.com
Lily,Josifovitz,ljosifovitz6d@skyrock.com
Bron,Schneider,bschneider6e@geocities.com
Chen,Tabor,ctabor6f@engadget.com
Lucilia,Agate,lagate6g@sun.com
Berte,Tibbs,btibbs6h@weather.com
Luella,Backshaw,lbackshaw6i@bigcartel.com
Wynn,Littleover,wlittleover6j@ihg.com
Elianore,Tremmel,etremmel6k@skype.com
Osbert,Veregan,overegan6l@howstuffworks.com
Sheena,Fruchter,sfruchter6m@cbslocal.com
Byron,Butchard,bbutchard6n@reference.com
Michel,Peers,mpeers6o@hostgator.com
Darb,Lippi,dlippi6p@devhub.com
Joelly,Fleckness,jfleckness6q@artisteer.com
Alfi,Kemster,akemster6r@pen.io
Omar,McIlwraith,omcilwraith6s@cyberchimps.com
Mannie,Greenhaugh,mgreenhaugh6t@mozilla.com
Hogan,O'Lahy,holahy6u@cbslocal.com
Con,Bascombe,cbascombe6v@tinyurl.com
Claudetta,Hallowes,challowes6w@shareasale.com
Gordon,Greser,ggreser6x@reference.com
Cly,Durnan,cdurnan6y@imgur.com
Bertram,Albrooke,balbrooke6z@printfriendly.com
Florian,Tuckie,ftuckie70@marketwatch.com
Adolpho,Purveys,apurveys71@hexun.com
Gav,Pippin,gpippin72@surveymonkey.com
Catherina,Malicki,cmalicki73@google.pl
Rance,Traill,rtraill74@unicef.org
Lolita,Abbs,labbs75@rediff.com
Winfield,Brugger,wbrugger76@fotki.com
Elly,Trazzi,etrazzi77@huffingtonpost.com
Crysta,Kobierski,ckobierski78@omniture.com
Pietra,Ridett,pridett79@theguardian.com
Richy,Ganter,rganter7a@chronoengine.com
Caryl,Bardnam,cbardnam7b@devhub.com
Marget,Onn,monn7c@baidu.com
Kameko,Bulluck,kbulluck7d@photobucket.com
Karyn,Ather,kather7e@nature.com
Hillie,Jessup,hjessup7f@technorati.com
Kacy,Tomsett,ktomsett7g@amazon.com
Ardra,Huie,ahuie7h@list-manage.com
Chan,Freyn,cfreyn7i@tripod.com
Sergei,Piris,spiris7j@berkeley.edu
Clayborn,Bentjens,cbentjens7k@nhs.uk
Sonni,Gyves,sgyves7l@java.com
Marybelle,Kloska,mkloska7m@wsj.com
Rand,Petrillo,rpetrillo7n@ucla.edu
Irma,Klesse,iklesse7o@a8.net
Abram,McGlew,amcglew7p@businessweek.com
Aldric,Bromont,abromont7q@blogger.com
Betty,Craighall,bcraighall7r@walmart.com
Ruggiero,Twidell,rtwidell7s@weibo.com
Kalila,Metzke,kmetzke7t@list-manage.com
Torrence,Guillard,tguillard7u@acquirethisname.com
Mirabelle,Bonder,mbonder7v@wix.com
Edgardo,Guillou,eguillou7w@blinklist.com
Flinn,Connerly,fconnerly7x@unicef.org
Faber,Salmond,fsalmond7y@huffingtonpost.com
Mercy,Fairburne,mfairburne7z@theguardian.com
Ana,Ruthven,aruthven80@google.es
Maitilde,Heustice,mheustice81@hatena.ne.jp
Corine,Bolletti,cbolletti82@jigsy.com
Torry,Seagar,tseagar83@hao123.com
Xymenes,Mamwell,xmamwell84@intel.com
Zeb,Tewes,ztewes85@parallels.com
Libbi,Kyttor,lkyttor86@tripod.com
Zaneta,Yorke,zyorke87@stumbleupon.com
Meredith,Staines,mstaines88@washingtonpost.com
Syd,Saddler,ssaddler89@reddit.com
Kinny,Reckhouse,kreckhouse8a@thetimes.co.uk
Marget,Wilmot,mwilmot8b@telegraph.co.uk
Francklin,Barenskie,fbarenskie8c@fastcompany.com
Grata,Bansal,gbansal8d@ehow.com
Brooks,Headington,bheadington8e@theatlantic.com
Sascha,Cornfoot,scornfoot8f@wp.com
Leonora,Sibille,lsibille8g@theatlantic.com
Carol-jean,Pedder,cpedder8h@youku.com
Otes,Hammonds,ohammonds8i@networkadvertising.org
Antonio,Leachman,aleachman8j@auda.org.au
Padgett,Fanner,pfanner8k@biglobe.ne.jp
Rea,Saunder,rsaunder8l@usa.gov
Courtnay,Reuter,creuter8m@thetimes.co.uk
Bertine,Ridewood,bridewood8n@ameblo.jp
Fredia,Pettiward,fpettiward8o@senate.gov
Ginger,Schelle,gschelle8p@stumbleupon.com
Briana,Bebbell,bbebbell8q@squarespace.com
Emily,Leonarde,eleonarde8r@globo.com
Hephzibah,Littrell,hlittrell8s@yandex.ru
Shirlee,Tansley,stansley8t@1und1.de
Krissy,Bockmann,kbockmann8u@bravesites.com
Ree,Trattles,rtrattles8v@biglobe.ne.jp
Sibylla,McRavey,smcravey8w@hibu.com
Tandie,Greneham,tgreneham8x@cyberchimps.com
Elmira,Penhale,epenhale8y@bing.com
Ruthi,Norssister,rnorssister8z@ucsd.edu
Franklin,McDiarmid,fmcdiarmid90@fotki.com
Chiquia,Waith,cwaith91@hud.gov
Griffin,Cornford,gcornford92@opera.com
Pietrek,Dedham,pdedham93@reverbnation.com
Ninon,Phittiplace,nphittiplace94@facebook.com
Kiah,Meedendorpe,kmeedendorpe95@multiply.com
Caryl,Hryncewicz,chryncewicz96@mit.edu
Alena,Malthus,amalthus97@samsung.com
Rebecka,Balding,rbalding98@ibm.com
Sibylla,Buckoke,sbuckoke99@stanford.edu
Lilah,Rentz,lrentz9a@123-reg.co.uk
Georgetta,Iacomini,giacomini9b@spotify.com
Joy,Bellany,jbellany9c@nih.gov
Mozes,Edlyne,medlyne9d@eepurl.com
Wildon,Plewes,wplewes9e@naver.com
Wrennie,Bateman,wbateman9f@tripadvisor.com
Bennie,Godfrey,bgodfrey9g@yahoo.com
Waverly,Grosvener,wgrosvener9h@exblog.jp
Meggi,Stoffel,mstoffel9i@creativecommons.org
Web,Nials,wnials9j@seesaa.net
Karol,Ellerby,kellerby9k@salon.com
Pauly,Mityushkin,pmityushkin9l@meetup.com
Joann,Aspel,jaspel9m@imageshack.us
Alisa,Gaither,agaither9n@seesaa.net
Celestyn,Strover,cstrover9o@prnewswire.com
Murdock,Aiston,maiston9p@sbwire.com
Ulla,Rocks,urocks9q@yale.edu
Rafaello,Rouchy,rrouchy9r@hhs.gov
Tonye,Corley,tcorley9s@europa.eu
Cathlene,Caw,ccaw9t@google.com
Corrie,enzley,cenzley9u@shareasale.com
Napoleon,Lugton,nlugton9v@163.com
Essy,Reisk,ereisk9w@dot.gov
Rey,Flood,rflood9x@ocn.ne.jp
Demetria,Sedgwick,dsedgwick9y@hao123.com
Rheta,Salvage,rsalvage9z@uiuc.edu
Emmett,Challice,echallicea0@storify.com
Dix,Calderhead,dcalderheada1@acquirethisname.com
Vania,Craythorn,vcraythorna2@vistaprint.com
Myra,Pirouet,mpiroueta3@chicagotribune.com
Anatol,Kinze,akinzea4@virginia.edu
Isidore,Bezants,ibezantsa5@mapy.cz
Saree,Bolletti,sbollettia6@i2i.jp
Salim,Lelievre,slelievrea7@phoca.cz
Culley,Malyon,cmalyona8@github.com
Baxie,Licciardi,blicciardia9@arizona.edu
Sig,Longworthy,slongworthyaa@tamu.edu
Any,Comford,acomfordab@reuters.com
Devonna,Benedek,dbenedekac@msn.com
Burton,Whorton,bwhortonad@ovh.net
Sig,Wilshin,swilshinae@networksolutions.com
Rhoda,Dawkins,rdawkinsaf@amazon.co.uk
Alene,Fisher,afisherag@hhs.gov
Elie,Missen,emissenah@nhs.uk
Emmi,Widocks,ewidocksai@ft.com
Jana,Jessett,jjessettaj@amazon.co.uk
Wilbert,Rakes,wrakesak@blinklist.com
Genvieve,Bisco,gbiscoal@ucoz.com
Jany,Meaney,jmeaneyam@themeforest.net
Mair,Fernihough,mfernihoughan@multiply.com
Tove,Bonehill,tbonehillao@hp.com
Hyacinthia,Sturney,hsturneyap@house.gov
Rowland,Slad,rsladaq@chicagotribune.com
Alonzo,Persent,apersentar@hibu.com
Linc,Godridge,lgodridgeas@hc360.com
Rabbi,Cammocke,rcammockeat@imgur.com
Selene,Corness,scornessau@w3.org
Payton,Hedan,phedanav@dailymotion.com
Giorgia,Baldry,gbaldryaw@ucsd.edu
Connie,Mattacks,cmattacksax@google.ca
Quill,Davidovicz,qdavidoviczay@businesswire.com
Vi,Galbraeth,vgalbraethaz@ustream.tv
Clementia,Barwick,cbarwickb0@issuu.com
Adore,Gartell,agartellb1@boston.com
Milicent,Cullerne,mcullerneb2@photobucket.com
Pippa,Cousin,pcousinb3@miitbeian.gov.cn
Marin,Pauer,mpauerb4@plala.or.jp
Gabi,Downse,gdownseb5@patch.com
Chad,Freer,cfreerb6@ed.gov
Kelsi,Smalecombe,ksmalecombeb7@so-net.ne.jp
Larissa,Rubes,lrubesb8@harvard.edu
Octavia,Oag,ooagb9@seesaa.net
Efrem,Hawtrey,ehawtreyba@java.com
Rod,MacCombe,rmaccombebb@spiegel.de
Neilla,Snalum,nsnalumbc@msu.edu
Justis,Stanistreet,jstanistreetbd@tripadvisor.com
Krishnah,Allibon,kallibonbe@un.org
Nata,Ruspine,nruspinebf@miibeian.gov.cn
Antoinette,Pharro,apharrobg@admin.ch
Karilynn,Vousden,kvousdenbh@wikia.com
Thaxter,Sisnett,tsisnettbi@hp.com
Bibbie,Few,bfewbj@comsenz.com
Hilly,Saich,hsaichbk@cocolog-nifty.com
Dulcia,McIlheran,dmcilheranbl@netscape.com
Maje,Astles,mastlesbm@nyu.edu
Goddard,Cuttell,gcuttellbn@engadget.com
Jackelyn,Vondruska,jvondruskabo@furl.net
Roxana,Aish,raishbp@dmoz.org
Rubetta,Aireton,rairetonbq@blog.com
Eugenio,Aymeric,eaymericbr@sourceforge.net
Doralynn,Yushin,dyushinbs@youku.com
Ole,Caesman,ocaesmanbt@ftc.gov
Rina,Vawton,rvawtonbu@bandcamp.com
Eleanor,Askie,easkiebv@chron.com
Parsifal,Jellett,pjellettbw@smh.com.au
Marjory,Josifovic,mjosifovicbx@illinois.edu
Abigael,Hoodless,ahoodlessby@spiegel.de
Jourdan,Liddle,jliddlebz@adobe.com
Cordy,Randalson,crandalsonc0@bandcamp.com
Percival,Cello,pcelloc1@oaic.gov.au
Clarissa,Stansbie,cstansbiec2@nih.gov
Wallis,Gregoletti,wgregolettic3@webs.com
Winfield,Licence,wlicencec4@ask.com
Lou,De Winton,ldewintonc5@issuu.com
Natale,Rodway,nrodwayc6@statcounter.com
Kristina,Woodrow,kwoodrowc7@ox.ac.uk
Eberhard,Brough,ebroughc8@creativecommons.org
Jakob,Hanscomb,jhanscombc9@bloglines.com
Charlotta,Romanin,cromaninca@oracle.com
Jourdain,Soltan,jsoltancb@reuters.com
Job,Adrien,jadriencc@seattletimes.com
Peder,Allenson,pallensoncd@unicef.org
Orella,Housego,ohousegoce@salon.com
Ethan,McKeeman,emckeemancf@merriam-webster.com
Domeniga,Mancell,dmancellcg@accuweather.com
Padgett,Brudenell,pbrudenellch@reddit.com
Dedra,Bickardike,dbickardikeci@wikimedia.org
Florinda,Denacamp,fdenacampcj@hibu.com
Mal,Ousbie,mousbieck@reverbnation.com
Julina,Troughton,jtroughtoncl@yandex.ru
Donall,Campo,dcampocm@netscape.com
Sophronia,Mallinson,smallinsoncn@netscape.com
Dion,Craddock,dcraddockco@npr.org
Shirline,Bramley,sbramleycp@mozilla.org
Nicol,Lockhart,nlockhartcq@usgs.gov
Ruthanne,Pleven,rplevencr@tripod.com
Gilbertine,Linney,glinneycs@pinterest.com
Codi,Varley,cvarleyct@independent.co.uk
Elinore,Bavage,ebavagecu@pbs.org
Clo,Naismith,cnaismithcv@jalbum.net
Gherardo,Gatecliff,ggatecliffcw@blogspot.com
Dermot,Adamowitz,dadamowitzcx@amazon.com
Monroe,Stit,mstitcy@cargocollective.com
Kimbra,Figurski,kfigurskicz@google.fr
Niven,Annes,nannesd0@sciencedaily.com
Alfy,Gissing,agissingd1@xrea.com
Llywellyn,Melia,lmeliad2@nhs.uk
Maure,Shankland,mshanklandd3@acquirethisname.com
Rikki,Sainthill,rsainthilld4@zdnet.com
Faustine,Mattingly,fmattinglyd5@dmoz.org
Daisie,Hullot,dhullotd6@photobucket.com
Adrien,O'Keefe,aokeefed7@blogspot.com
Janna,MacNockater,jmacnockaterd8@tiny.cc
Rozele,Eouzan,reouzand9@cocolog-nifty.com
Jodi,Trowel,jtrowelda@ucoz.com
Barclay,Branca,bbrancadb@bing.com
Horatio,McEvay,hmcevaydc@telegraph.co.uk
Rosanna,O'Gormally,rogormallydd@google.com.br
Wenonah,Pree,wpreede@economist.com
Grange,Gate,ggatedf@vimeo.com
Pace,Ragot,pragotdg@unesco.org
Merridie,Chessell,mchesselldh@webmd.com
Conchita,Espinho,cespinhodi@phoca.cz
Cassaundra,Spier,cspierdj@ucsd.edu
Dareen,Winn,dwinndk@youtu.be
Chic,Echalie,cechaliedl@com.com
Pamelina,Talks,ptalksdm@google.ca
Vladimir,Bremen,vbremendn@intel.com
Moore,Keemer,mkeemerdo@squidoo.com
Isabelita,Hauger,ihaugerdp@adobe.com
Ellis,McTrustie,emctrustiedq@weather.com
Chrissie,Scawton,cscawtondr@yellowpages.com
Beverley,Neesham,bneeshamds@timesonline.co.uk
Verge,Buxsey,vbuxseydt@oakley.com
Edd,Bartalin,ebartalindu@nature.com
Alessandra,Withey,awitheydv@amazon.co.jp
Tally,Ruse,trusedw@toplist.cz
Esme,Fliege,efliegedx@unicef.org
Vallie,Tassaker,vtassakerdy@admin.ch
Anett,Hedger,ahedgerdz@engadget.com
Hestia,Casine,hcasinee0@aboutads.info
Gabie,Dungee,gdungeee1@si.edu
Brandon,Rawdall,brawdalle2@auda.org.au
Lisle,Olliar,lolliare3@disqus.com
Hiram,Reen,hreene4@japanpost.jp
Brnaba,Chazerand,bchazerande5@indiegogo.com
Diarmid,Gras,dgrase6@jugem.jp
Marylou,Aneley,maneleye7@nhs.uk
Beverlie,Achrameev,bachrameeve8@boston.com
Hansiain,Danielsson,hdanielssone9@ustream.tv
Emerson,Orrin,eorrinea@wikispaces.com
Aura,Danilovitch,adanilovitcheb@nbcnews.com
Umeko,Hudleston,uhudlestonec@oaic.gov.au
Maggi,Chippendale,mchippendaleed@illinois.edu
Butch,Rubenfeld,brubenfeldee@163.com
Tobey,Desborough,tdesboroughef@skype.com
Shaine,Svanini,ssvaninieg@mapy.cz
Samuel,Cescot,scescoteh@t.co
Jethro,Wildish,jwildishei@purevolume.com
Brianne,Ellerman,bellermanej@ameblo.jp
Ragnar,Davidoff,rdavidoffek@psu.edu
Judd,Frackiewicz,jfrackiewiczel@toplist.cz
Monte,Stuckley,mstuckleyem@networkadvertising.org
Sean,Roskrug,sroskrugen@nhs.uk
Jacki,Loyns,jloynseo@people.com.cn
Van,Bau,vbauep@si.edu
Salvidor,Schubuser,sschubusereq@hibu.com
Aili,Curmi,acurmier@eventbrite.com
Mohandas,Collis,mcollises@pbs.org
Dallas,Ateggart,dateggartet@umn.edu
Conrad,Muscott,cmuscotteu@cornell.edu
Amitie,Woodworth,awoodworthev@hhs.gov
Pandora,Guilloton,pguillotonew@prlog.org
Hardy,Prati,hpratiex@utexas.edu
Kirk,Koppes,kkoppesey@miitbeian.gov.cn
Ginny,Vankov,gvankovez@si.edu
Roland,Rubinshtein,rrubinshteinf0@de.vu
Tabbatha,Sirrell,tsirrellf1@unblog.fr
Rory,Orton,rortonf2@smugmug.com
Veda,Kennington,vkenningtonf3@ycombinator.com
Brantley,Doige,bdoigef4@devhub.com
Timmie,Cheasman,tcheasmanf5@opera.com
Yuri,Mandifield,ymandifieldf6@github.io
Bailie,Eastmond,beastmondf7@amazon.co.uk
Maurie,Ciccetti,mciccettif8@washington.edu
Felipa,Barker,fbarkerf9@ask.com
Marnia,Simonini,msimoninifa@seesaa.net
Quinton,Lawrenceson,qlawrencesonfb@networkadvertising.org
Isak,Bywaters,ibywatersfc@over-blog.com
Happy,Tattershall,htattershallfd@naver.com
Therine,Housegoe,thousegoefe@sogou.com
Carlin,Smallsman,csmallsmanff@tumblr.com
Thacher,Uglow,tuglowfg@jalbum.net
Skylar,Reinisch,sreinischfh@typepad.com
Chandal,Guilbert,cguilbertfi@naver.com
Chase,Oakland,coaklandfj@narod.ru
Dagny,Cardon,dcardonfk@ed.gov
Gweneth,Labbez,glabbezfl@list-manage.com
Khalil,Keneforde,kkenefordefm@yahoo.co.jp
Hillier,Cella,hcellafn@google.pl
Rubetta,McKeowon,rmckeowonfo@jigsy.com
Olivette,Fransseni,ofranssenifp@ning.com
Maitilde,Sacase,msacasefq@buzzfeed.com
Alexia,Darcy,adarcyfr@nba.com
Alleen,Aldridge,aaldridgefs@nih.gov
Aeriela,Randles,arandlesft@about.com
Norton,Geard,ngeardfu@nationalgeographic.com
Keene,Boon,kboonfv@theglobeandmail.com
Zsazsa,Geggie,zgeggiefw@cpanel.net
Brooke,Matzke,bmatzkefx@csmonitor.com
Julie,Royste,jroystefy@ihg.com
Corbie,Noke,cnokefz@ebay.co.uk
Nonah,Ryland,nrylandg0@opensource.org
Tasha,Saffin,tsaffing1@smh.com.au
Brynna,Diben,bdibeng2@economist.com
Ernaline,Comolli,ecomollig3@ft.com
Ray,Pascall,rpascallg4@storify.com
Shandy,Le Barr,slebarrg5@microsoft.com
Rosana,Spadaro,rspadarog6@pen.io
Dennis,Shawell,dshawellg7@fc2.com
Devondra,Rosenthal,drosenthalg8@hc360.com
Montague,Bleackley,mbleackleyg9@bing.com
Seth,Kliemchen,skliemchenga@adobe.com
Aubry,Eim,aeimgb@tripod.com
Leupold,Platt,lplattgc@alexa.com
Lombard,Streets,lstreetsgd@ovh.net
Kati,Boulder,kboulderge@theatlantic.com
Maggee,Hunnaball,mhunnaballgf@dion.ne.jp
Jonis,Trowell,jtrowellgg@a8.net
Jehanna,Vint,jvintgh@spiegel.de
Kaycee,Krook,kkrookgi@miibeian.gov.cn
Ulberto,Gwin,ugwingj@bravesites.com
Trumaine,Franzotto,tfranzottogk@homestead.com
Winnifred,Raspel,wraspelgl@berkeley.edu
Ladonna,Agglio,laggliogm@cafepress.com
Jonie,Greally,jgreallygn@creativecommons.org
Pooh,Jori,pjorigo@unesco.org
Meier,Morgan,mmorgangp@state.tx.us
Cherise,Roback,crobackgq@clickbank.net
Odille,Groarty,ogroartygr@prweb.com
Eolande,Tommis,etommisgs@weibo.com
Wittie,Handrek,whandrekgt@usatoday.com
Justin,Whatham,jwhathamgu@reuters.com
Sibby,Sarjent,ssarjentgv@gravatar.com
Tiffany,Frondt,tfrondtgw@hexun.com
Foster,Ranklin,franklingx@dailymail.co.uk
Lombard,Kebbell,lkebbellgy@blogtalkradio.com
Damaris,Saiger,dsaigergz@meetup.com
Rufe,Bilbery,rbilberyh0@nymag.com
Cosme,Alan,calanh1@opensource.org
Armstrong,Buckenhill,abuckenhillh2@utexas.edu
Christi,Warsap,cwarsaph3@netscape.com
Margi,Walsh,mwalshh4@unc.edu
Georgianne,Halladay,ghalladayh5@shareasale.com
Averell,Sutherington,asutheringtonh6@intel.com
Carlene,Ruddy,cruddyh7@jugem.jp
Yuri,Lodevick,ylodevickh8@spiegel.de
Inez,Mandres,imandresh9@jalbum.net
Prentice,Streeter,pstreeterha@cisco.com
Truman,Danielli,tdaniellihb@stanford.edu
Wylma,Farman,wfarmanhc@independent.co.uk
Brandea,Lacoste,blacostehd@nsw.gov.au
Tanya,Broadbere,tbroadberehe@rakuten.co.jp
Stavro,Donaldson,sdonaldsonhf@cargocollective.com
Peirce,Frankum,pfrankumhg@mlb.com
Bambi,Keeley,bkeeleyhh@naver.com
Margaretha,Dunlop,mdunlophi@toplist.cz
Corby,Wince,cwincehj@jiathis.com
Elia,Newdick,enewdickhk@dmoz.org
Waite,McFadden,wmcfaddenhl@mysql.com
Salvador,Orum,sorumhm@hibu.com
Ira,Lewsley,ilewsleyhn@furl.net
Aleda,Rive,ariveho@noaa.gov
Chrissy,Molesworth,cmolesworthhp@storify.com
Tasia,Eckery,teckeryhq@vistaprint.com
Windy,Jouaneton,wjouanetonhr@webeden.co.uk
Sadella,Buntain,sbuntainhs@twitpic.com
Lombard,Jelphs,ljelphsht@amazon.de
Mohandis,Westover,mwestoverhu@adobe.com
Winny,Meenehan,wmeenehanhv@weather.com
Yasmeen,Bartel,ybartelhw@dell.com
Loraine,Katte,lkattehx@tinyurl.com
Alvin,Farries,afarrieshy@japanpost.jp
Silvia,Mazzilli,smazzillihz@reuters.com
Arabelle,Dury,aduryi0@ehow.com
Babara,Headly,bheadlyi1@techcrunch.com
Ashli,Keaveney,akeaveneyi2@php.net
Lenci,Murdy,lmurdyi3@hc360.com
Felizio,Klyn,fklyni4@wikispaces.com
Priscella,Twede,ptwedei5@hexun.com
Peggy,Bosnell,pbosnelli6@cbc.ca
Lorianne,McNirlan,lmcnirlani7@accuweather.com
Louis,Burnyeat,lburnyeati8@wufoo.com
Hort,Banke,hbankei9@shutterfly.com
Todd,Frankling,tfranklingia@yahoo.com
Artair,Pallis,apallisib@tripadvisor.com
Rochelle,Creeboe,rcreeboeic@paypal.com
Philbert,Pickering,ppickeringid@tripadvisor.com
Corey,Severy,cseveryie@yellowbook.com
Carmita,Enos,cenosif@tinypic.com
Hale,Winskill,hwinskillig@archive.org
Sisely,Paris,sparisih@blog.com
Birgitta,Tournie,btournieii@webnode.com
Harper,Baxstare,hbaxstareij@spiegel.de
Deedee,Biggins,dbigginsik@msn.com
Wallas,Spurdens,wspurdensil@reuters.com
Myrlene,Cogley,mcogleyim@ucoz.ru
Carlyn,Geroldini,cgeroldiniin@hibu.com
Amargo,Cheatle,acheatleio@printfriendly.com
Chandra,Hawney,chawneyip@bbb.org
Jens,Mannock,jmannockiq@mit.edu
Ennis,Staneland,estanelandir@bloglovin.com
Shani,Astley,sastleyis@jiathis.com
Trish,Pinfold,tpinfoldit@wisc.edu
Susannah,Strangwood,sstrangwoodiu@naver.com
Justino,McKeney,jmckeneyiv@bbb.org
Milton,Egan,meganiw@seesaa.net
Katrine,Troop,ktroopix@ca.gov
Marcella,Pankethman,mpankethmaniy@jugem.jp
Ferdie,Wipfler,fwipfleriz@toplist.cz
Ransom,Gianilli,rgianillij0@washingtonpost.com
Emelen,Fanner,efannerj1@sitemeter.com
Christel,Franey,cfraneyj2@unc.edu
Elaine,Collymore,ecollymorej3@ca.gov
Ella,Fitchett,efitchettj4@github.io
Lyda,Bessey,lbesseyj5@w3.org
Wat,Lippini,wlippinij6@sphinn.com
Selena,Merrington,smerringtonj7@dot.gov
Gaspar,Garton,ggartonj8@blogspot.com
Kandace,Shalloe,kshalloej9@bbb.org
Vanda,Peartree,vpeartreeja@pagesperso-orange.fr
Carmelle,Bawdon,cbawdonjb@soup.io
Raviv,Liverseege,rliverseegejc@tamu.edu
Paton,Medlin,pmedlinjd@goodreads.com
Janet,Tomasello,jtomaselloje@indiegogo.com
Jaimie,Waggatt,jwaggattjf@clickbank.net
Yevette,Skeats,yskeatsjg@sakura.ne.jp
Abbey,Huggard,ahuggardjh@stanford.edu
Bartlett,Mawman,bmawmanji@blogtalkradio.com
Amelita,Nyland,anylandjj@ifeng.com
Gal,Maciunas,gmaciunasjk@mediafire.com
Gil,Bazeley,gbazeleyjl@auda.org.au
Margette,Harly,mharlyjm@typepad.com
Shandeigh,Strelitzer,sstrelitzerjn@people.com.cn
Paco,Webburn,pwebburnjo@sciencedaily.com
Farlee,Clemo,fclemojp@businesswire.com
Haroun,Millier,hmillierjq@mail.ru
Perice,Pentony,ppentonyjr@google.co.jp
Starr,Feild,sfeildjs@omniture.com
Fancy,Soall,fsoalljt@tamu.edu
Sapphire,Picker,spickerju@ezinearticles.com
Win,Wraight,wwraightjv@intel.com
Clerissa,McGilbon,cmcgilbonjw@virginia.edu
Francesca,Jacobson,fjacobsonjx@irs.gov
Shaylah,Trammel,strammeljy@chron.com
Linnea,Batalini,lbatalinijz@mapquest.com
Vina,Enderby,venderbyk0@foxnews.com
Olivier,Doyland,odoylandk1@homestead.com
Adore,Spratt,asprattk2@time.com
Aurea,Wodeland,awodelandk3@who.int
Derril,Pattlel,dpattlelk4@craigslist.org
Suzy,Herreran,sherrerank5@guardian.co.uk
Alisander,Laffling,alafflingk6@techcrunch.com
Matthias,Cissen,mcissenk7@google.it
Skylar,Wibrew,swibrewk8@examiner.com
Jermaine,Birney,jbirneyk9@tripadvisor.com
Aleece,Boskell,aboskellka@mapquest.com
Agneta,Billitteri,abillitterikb@home.pl
Deck,Anthon,danthonkc@hao123.com
Sosanna,Ockland,socklandkd@foxnews.com
Aida,Crutchley,acrutchleyke@google.cn
Cally,Blaszczyk,cblaszczykkf@php.net
Antonino,Caselick,acaselickkg@europa.eu
Maryrose,MacTrustrie,mmactrustriekh@imageshack.us
Dalt,Neno,dnenoki@nps.gov
Duke,Mordecai,dmordecaikj@devhub.com
Cheslie,Gunnell,cgunnellkk@sciencedaily.com
Leupold,Bouzek,lbouzekkl@amazon.de
Dela,Rudram,drudramkm@tinypic.com
Aggy,Cobley,acobleykn@technorati.com
Stefano,Dowdell,sdowdellko@about.com
Bernardine,Tanton,btantonkp@xrea.com
Thomasin,Burgott,tburgottkq@facebook.com
Russell,Baud,rbaudkr@tripadvisor.com
Dame,Lippett,dlippettks@harvard.edu
Lorry,Eton,letonkt@mac.com
Mariann,Barks,mbarksku@icq.com
Gordie,Montel,gmontelkv@msu.edu
Dory,Percy,dpercykw@bluehost.com
Kore,Santry,ksantrykx@dell.com
Aldus,Fortin,afortinky@icio.us
Bowie,Garrould,bgarrouldkz@globo.com
Gunner,Shayes,gshayesl0@acquirethisname.com
Juliet,De Zamudio,jdezamudiol1@chron.com
Elsi,Philpotts,ephilpottsl2@comsenz.com
Homerus,Zaple,hzaplel3@utexas.edu
Crichton,Rigglesford,crigglesfordl4@diigo.com
Langsdon,Crocker,lcrockerl5@infoseek.co.jp
Con,Duberry,cduberryl6@cbc.ca
Tymothy,Donn,tdonnl7@kickstarter.com
Farrand,Bleakley,fbleakleyl8@telegraph.co.uk
Fidelia,Angove,fangovel9@fda.gov
Anders,Bowe,abowela@ning.com
Madelin,Guly,mgulylb@trellian.com
Merrilee,Hilling,mhillinglc@pagesperso-orange.fr
Phyllida,Frostdicke,pfrostdickeld@ucoz.com
Andie,Dinnage,adinnagele@patch.com
Ninette,Fayne,nfaynelf@time.com
Meir,Simants,msimantslg@mediafire.com
Bennett,Penketh,bpenkethlh@ihg.com
Katrinka,Burry,kburryli@soup.io
Wallis,Paula,wpaulalj@163.com
Paola,Dalgarno,pdalgarnolk@xrea.com
Joby,Bagniuk,jbagniukll@unc.edu
Francklyn,Huttley,fhuttleylm@artisteer.com
Alecia,Simonnot,asimonnotln@digg.com
Michaeline,Caldera,mcalderalo@51.la
Sapphire,Chaffyn,schaffynlp@ucoz.com
Zach,Bettesworth,zbettesworthlq@digg.com
Sibley,Gillard,sgillardlr@clickbank.net
Reggis,Shale,rshalels@ifeng.com
Lisle,Ewell,lewelllt@wix.com
Kirstyn,Whitmell,kwhitmelllu@amazonaws.com
Davis,Bennit,dbennitlv@woothemes.com
Grayce,Zoellner,gzoellnerlw@pen.io
Dee dee,Burney,dburneylx@howstuffworks.com
Bonny,Mackley,bmackleyly@surveymonkey.com
Harley,Verbeke,hverbekelz@livejournal.com
Melisandra,Sapshed,msapshedm0@ed.gov
Berti,Fragino,bfraginom1@toplist.cz
Tynan,Winsbury,twinsburym2@zimbio.com
Eda,Planks,eplanksm3@ft.com
Maryrose,Rounding,mroundingm4@lulu.com
Paula,Renner,prennerm5@scribd.com
Celia,Matchett,cmatchettm6@usda.gov
Leslie,Ludovico,lludovicom7@topsy.com
Florida,Rraundl,frraundlm8@123-reg.co.uk
Mervin,Cossentine,mcossentinem9@yahoo.com
Cyndy,Cogzell,ccogzellma@multiply.com
Rosalind,Biswell,rbiswellmb@hhs.gov
Evin,Edgeworth,eedgeworthmc@cmu.edu
Murdoch,Harmstone,mharmstonemd@godaddy.com
Rasla,Clement,rclementme@newsvine.com
Bartholomew,Bruyett,bbruyettmf@wix.com
Ramona,Tenney,rtenneymg@ustream.tv
Guinna,Ulyat,gulyatmh@surveymonkey.com
Mildrid,Dallan,mdallanmi@mapy.cz
Thomasa,Parkin,tparkinmj@paginegialle.it
Ernaline,Vegas,evegasmk@baidu.com
Thaddeus,Sapsforde,tsapsfordeml@va.gov
Graehme,Shalliker,gshallikermm@sourceforge.net
Vidovic,Dwight,vdwightmn@360.cn
Bastien,Burgoine,bburgoinemo@odnoklassniki.ru
Giles,Carmont,gcarmontmp@webeden.co.uk
Friedrich,Charte,fchartemq@imageshack.us
Shelley,Blowen,sblowenmr@dyndns.org
Lindsay,Sinton,lsintonms@amazon.com
Sarene,Costanza,scostanzamt@google.com.au
Adan,Kix,akixmu@sohu.com
Winny,Drowsfield,wdrowsfieldmv@opera.com
Myriam,Jewess,mjewessmw@wordpress.com
Orson,Skinn,oskinnmx@wikipedia.org
Osbourn,Macci,omaccimy@360.cn
Wendye,McErlaine,wmcerlainemz@biblegateway.com
Maurise,O'Towey,motoweyn0@jimdo.com
Hester,Heindrick,hheindrickn1@canalblog.com
Lela,Abrahamian,labrahamiann2@xinhuanet.com
Lanie,Allwright,lallwrightn3@businessinsider.com
Shem,Tomik,stomikn4@liveinternet.ru
Natasha,Marcroft,nmarcroftn5@barnesandnoble.com
Lance,Renol,lrenoln6@bloglovin.com
Saba,Freegard,sfreegardn7@homestead.com
Calida,Riepl,criepln8@barnesandnoble.com
Delly,Ching,dchingn9@desdev.cn
Mariel,Dominetti,mdominettina@alibaba.com
Ingamar,MacAlpyne,imacalpynenb@1und1.de
Antons,Coate,acoatenc@utexas.edu
Darcey,Brattell,dbrattellnd@census.gov
Berti,Kleimt,bkleimtne@google.cn
Coop,Gabites,cgabitesnf@icio.us
Caren,Plevey,cpleveyng@biglobe.ne.jp
Cecilla,Ianitti,cianittinh@senate.gov
Lauree,Le Gassick,llegassickni@blogspot.com
Drusi,Muckart,dmuckartnj@tinyurl.com
Trstram,Boshard,tboshardnk@51.la
Tanney,Ornillos,tornillosnl@vkontakte.ru
Jemmy,Shadfourth,jshadfourthnm@census.gov
Starlin,Seide,sseidenn@histats.com
Tawnya,Rosie,trosieno@woothemes.com
Oates,Lille,olillenp@1688.com
Ali,Goudge,agoudgenq@weather.com
Cinda,Kenright,ckenrightnr@qq.com
Dodie,Lackemann,dlackemannns@cbslocal.com
Durand,Bradnock,dbradnocknt@japanpost.jp
Lianne,Scampion,lscampionnu@oaic.gov.au
Antonin,Tovey,atoveynv@alexa.com
Sherrie,Ivanisov,sivanisovnw@ow.ly
Whitney,Lanigan,wlanigannx@uiuc.edu
Davide,Vallerine,dvallerineny@ihg.com
Morgana,Thrift,mthriftnz@pcworld.com
Katerine,Scullion,ksculliono0@ucsd.edu
Bryce,Deener,bdeenero1@naver.com
Maurise,Leason,mleasono2@nba.com
Lyndy,Ivanonko,livanonkoo3@de.vu
Ruthann,Hullbrook,rhullbrooko4@spiegel.de
Joletta,Tytcomb,jtytcombo5@ebay.com
Hayden,Olyunin,holyunino6@seesaa.net
Florence,Ferriday,fferridayo7@vk.com
Kristopher,Frediani,kfredianio8@ezinearticles.com
Ruth,Hryniewicz,rhryniewiczo9@macromedia.com
Granger,Gridley,ggridleyoa@walmart.com
Catrina,Millwater,cmillwaterob@goo.ne.jp
Mala,Gomez,mgomezoc@furl.net
Hetti,Klimontovich,hklimontovichod@ycombinator.com
Randall,McBain,rmcbainoe@blinklist.com
Lorianna,Van Niekerk,lvanniekerkof@feedburner.com
Gerianna,Ahren,gahrenog@toplist.cz
Ferguson,Burnhard,fburnhardoh@census.gov
Seumas,De Bruijn,sdebruijnoi@xrea.com
Olivie,Corris,ocorrisoj@bizjournals.com
Allen,Igoe,aigoeok@deviantart.com
Cindelyn,Matzkaitis,cmatzkaitisol@wordpress.com
Saba,Withrop,swithropom@fotki.com
Noelle,Olerenshaw,nolerenshawon@tmall.com
Thain,Guiraud,tguiraudoo@4shared.com
Sisile,Cordova,scordovaop@ebay.co.uk
Evonne,Aspinell,easpinelloq@yelp.com
Lynn,Wilber,lwilberor@google.com.hk
Dorolisa,Kinsett,dkinsettos@walmart.com
Kelley,Merit,kmeritot@tuttocitta.it
Jocelyne,Lewisham,jlewishamou@shutterfly.com
Georg,Fitter,gfitterov@amazon.com
Ralph,Chedgey,rchedgeyow@thetimes.co.uk
Jere,Pencost,jpencostox@google.de
Alyce,Eggerton,aeggertonoy@blogger.com
Reed,Matantsev,rmatantsevoz@dyndns.org
Benoite,Steffans,bsteffansp0@narod.ru
Hedi,Attiwill,hattiwillp1@timesonline.co.uk
Sarita,Walesa,swalesap2@abc.net.au
Berne,Kasting,bkastingp3@over-blog.com
Scarlet,Bowller,sbowllerp4@rediff.com
Joni,Gomez,jgomezp5@alexa.com
Jeralee,Joicey,jjoiceyp6@mail.ru
Liuka,Stoaks,lstoaksp7@state.tx.us
Merrilee,Torrijos,mtorrijosp8@jalbum.net
Rena,Ferencz,rferenczp9@mayoclinic.com
Rowney,Croxall,rcroxallpa@ucoz.ru
Jefferey,Peschka,jpeschkapb@vk.com
Eyde,Bickerstasse,ebickerstassepc@aboutads.info
Jehu,Vivash,jvivashpd@typepad.com
Hilly,Semper,hsemperpe@opera.com
Brock,Dearlove,bdearlovepf@marketwatch.com
Davin,Cavanaugh,dcavanaughpg@discovery.com
Cindy,Talbot,ctalbotph@narod.ru
Ellie,Skewes,eskewespi@twitpic.com
Lissi,Book,lbookpj@studiopress.com
Joey,Stearn,jstearnpk@msu.edu
Robbert,Pleven,rplevenpl@stumbleupon.com
Mickey,Astridge,mastridgepm@berkeley.edu
Cam,Welbourn,cwelbournpn@diigo.com
Gayleen,De Souza,gdesouzapo@bloglines.com
Sibelle,Beautyman,sbeautymanpp@nydailynews.com
Ambrosio,Morit,amoritpq@tamu.edu
Elvis,Hollows,ehollowspr@sina.com.cn
Alicia,Stirling,astirlingps@techcrunch.com
Carlita,Meiningen,cmeiningenpt@shareasale.com
Jessamyn,Goodnow,jgoodnowpu@domainmarket.com
Romonda,Daudray,rdaudraypv@about.me
Odille,Gault,ogaultpw@google.es
Laurella,Cleland,lclelandpx@tinypic.com
Leda,Olivet,lolivetpy@businesswire.com
Che,Papis,cpapispz@yellowbook.com
Felicle,Few,ffewq0@nbcnews.com
Aron,Sedge,asedgeq1@facebook.com
Renata,O'Fallon,rofallonq2@wp.com
Tressa,Battye,tbattyeq3@mlb.com
Nathanil,Monteith,nmonteithq4@vimeo.com
Codee,Prestidge,cprestidgeq5@feedburner.com
Powell,Aspole,paspoleq6@stanford.edu
Evey,Shale,eshaleq7@wufoo.com
Cassie,Spaven,cspavenq8@etsy.com
Mirella,Coots,mcootsq9@instagram.com
Welsh,Edleston,wedlestonqa@census.gov
Maryl,Branford,mbranfordqb@freewebs.com
Charley,Millis,cmillisqc@google.com.hk
Joanne,Wolverson,jwolversonqd@globo.com
Caria,Horsefield,chorsefieldqe@disqus.com
Woody,Caffrey,wcaffreyqf@dailymotion.com
Myrwyn,Cuerdall,mcuerdallqg@wordpress.org
William,O' Sullivan,wosullivanqh@buzzfeed.com
Wayland,Bourton,wbourtonqi@goo.gl
Baxy,Aleksashin,baleksashinqj@blinklist.com
Faunie,Sheering,fsheeringqk@hostgator.com
Nellie,Haslum,nhaslumql@amazon.com
Nathalia,Raddin,nraddinqm@mtv.com
Conchita,Birt,cbirtqn@amazon.com
Anthia,O'Skehan,aoskehanqo@naver.com
Dotti,Marsie,dmarsieqp@shinystat.com
Eolanda,Kiossel,ekiosselqq@bloomberg.com
Luci,Havis,lhavisqr@stanford.edu
Claudie,Canto,ccantoqs@si.edu
Davin,Rapley,drapleyqt@walmart.com
Hartwell,Keigher,hkeigherqu@ask.com
Arlen,Vispo,avispoqv@csmonitor.com
Giffie,Picardo,gpicardoqw@yelp.com
Payton,Ledur,pledurqx@drupal.org
Ketti,Merricks,kmerricksqy@weibo.com
Maddy,Kiehne,mkiehneqz@csmonitor.com
Broddy,Corkel,bcorkelr0@psu.edu
Guglielma,Cropper,gcropperr1@csmonitor.com
Ulrich,Dursley,udursleyr2@ezinearticles.com
Paco,Bowcock,pbowcockr3@gravatar.com
Bernette,Greste,bgrester4@posterous.com
Evin,Kuschke,ekuschker5@weebly.com
Torie,Comben,tcombenr6@tmall.com
Myrtie,Canning,mcanningr7@netlog.com
Odessa,Johncey,ojohnceyr8@networkadvertising.org
Tanitansy,Drakeford,tdrakefordr9@ox.ac.uk
Queenie,Pieracci,qpieraccira@reuters.com
Ervin,Casbon,ecasbonrb@vinaora.com
Mendy,Bourthouloume,mbourthouloumerc@marketwatch.com
Martica,Halvosen,mhalvosenrd@hhs.gov
Antonietta,Taaffe,ataaffere@aboutads.info
Kim,Lapworth,klapworthrf@amazon.co.uk
Dave,Milmoe,dmilmoerg@biglobe.ne.jp
Marcellus,Zottoli,mzottolirh@state.gov
Bernette,Desvignes,bdesvignesri@tumblr.com
Adey,Jermyn,ajermynrj@homestead.com
Joe,Gwillyam,jgwillyamrk@lulu.com
Patricio,Davidovic,pdavidovicrl@moonfruit.com
Arleen,Pontain,apontainrm@auda.org.au
Jenni,Doberer,jdobererrn@surveymonkey.com
Eveleen,Buncher,ebuncherro@reuters.com
Waldemar,Oslar,woslarrp@gov.uk
Mikaela,Morrel,mmorrelrq@intel.com
Pryce,Petrik,ppetrikrr@spotify.com
