{
	"info": {
		"_postman_id": "8765c1c3-d2be-4663-b8d9-77914c11ee7e",
		"name": "UserManagement",
		"schema": "https://schema.getpostman.com/json/collection/v2.1.0/collection.json",
		"_exporter_id": "16978601"
	},
	"item": [
		{
			"name": "createUser",
			"request": {
				"method": "POST",
				"header": [
					{
						"key": "X-TenantID",
						"value": "zebratenant3",
						"type": "text"
					},
					{
						"key": "Content-Type",
						"value": "application/json",
						"type": "text"
					}
				],
				"body": {
					"mode": "raw",
					"raw": "{\r\n\"emailAddress\":\"zenon@gmail.com\",\r\n\"firstName\":\"zenon\",\r\n\"lastName\":\"K\",\r\n\"tenantId\":\"zebratenant3\"\r\n}",
					"options": {
						"raw": {
							"language": "json"
						}
					}
				},
				"url": {
					"raw": "http://localhost:9001/user-api/createUser",
					"protocol": "http",
					"host": [
						"localhost"
					],
					"port": "9001",
					"path": [
						"user-api",
						"createUser"
					]
				}
			},
			"response": []
		},
		{
			"name": "BulkDataInsert",
			"request": {
				"method": "POST",
				"header": [
					{
						"key": "X-TenantID",
						"value": "zebratenant3",
						"type": "text"
					}
				],
				"body": {
					"mode": "raw",
					"raw": "",
					"options": {
						"raw": {
							"language": "json"
						}
					}
				},
				"url": {
					"raw": "http://localhost:9001/user-api/usersJob/importUsers",
					"protocol": "http",
					"host": [
						"localhost"
					],
					"port": "9001",
					"path": [
						"user-api",
						"usersJob",
						"importUsers"
					]
				}
			},
			"response": []
		},
		{
			"name": "Ping",
			"request": {
				"method": "GET",
				"header": [
					{
						"key": "X-TenantID",
						"value": "zebratenant1",
						"type": "text"
					}
				],
				"url": {
					"raw": "http://localhost:9001/user-api/ping",
					"protocol": "http",
					"host": [
						"localhost"
					],
					"port": "9001",
					"path": [
						"user-api",
						"ping"
					],
					"query": [
						{
							"key": "",
							"value": "tenant1",
							"disabled": true
						}
					]
				}
			},
			"response": []
		},
		{
			"name": "getUsers",
			"request": {
				"method": "GET",
				"header": [
					{
						"key": "X-TenantID",
						"value": "zebratenant3",
						"type": "text"
					},
					{
						"key": "Content-Type",
						"value": "application/json",
						"type": "text"
					}
				],
				"url": {
					"raw": "http://localhost:9001/user-api/getUsersList",
					"protocol": "http",
					"host": [
						"localhost"
					],
					"port": "9001",
					"path": [
						"user-api",
						"getUsersList"
					]
				}
			},
			"response": []
		},
		{
			"name": "Search Users",
			"request": {
				"method": "GET",
				"header": [
					{
						"key": "X-TenantID",
						"value": "zebratenant3",
						"type": "text"
					}
				],
				"url": {
					"raw": "http://localhost:9001/user-api/users/search?query=zenon",
					"protocol": "http",
					"host": [
						"localhost"
					],
					"port": "9001",
					"path": [
						"user-api",
						"users",
						"search"
					],
					"query": [
						{
							"key": "X-TenantID",
							"value": "tenant1",
							"disabled": true
						},
						{
							"key": "query",
							"value": "zenon"
						}
					]
				}
			},
			"response": []
		},
		{
			"name": "getUserByFirstName",
			"request": {
				"method": "GET",
				"header": [
					{
						"key": "X-TenantID",
						"value": "zebratenant3",
						"type": "text"
					}
				],
				"url": {
					"raw": "http://localhost:9001/user-api/getUserByFirstName/RajaPeddanna",
					"protocol": "http",
					"host": [
						"localhost"
					],
					"port": "9001",
					"path": [
						"user-api",
						"getUserByFirstName",
						"RajaPeddanna"
					],
					"query": [
						{
							"key": "X-TenantID",
							"value": "tenant1",
							"disabled": true
						}
					]
				}
			},
			"response": []
		},
		{
			"name": "getUserByFirstName Copy",
			"request": {
				"method": "GET",
				"header": [
					{
						"key": "X-TenantID",
						"value": "zebratenant3",
						"type": "text"
					}
				],
				"url": {
					"raw": "http://localhost:9001/user-api/getFirstNameStartsWith/zenon",
					"protocol": "http",
					"host": [
						"localhost"
					],
					"port": "9001",
					"path": [
						"user-api",
						"getFirstNameStartsWith",
						"zenon"
					]
				}
			},
			"response": []
		},
		{
			"name": "getUserByFirstNameAndLastName",
			"request": {
				"method": "GET",
				"header": [
					{
						"key": "X-TenantID",
						"value": "zebratenant3",
						"type": "text"
					}
				],
				"url": {
					"raw": "http://localhost:9001/user-api/getUserByFirstNameAndLastName/RajaPeddanna/K",
					"protocol": "http",
					"host": [
						"localhost"
					],
					"port": "9001",
					"path": [
						"user-api",
						"getUserByFirstNameAndLastName",
						"RajaPeddanna",
						"K"
					]
				}
			},
			"response": []
		},
		{
			"name": "Search Users Attributes",
			"request": {
				"method": "GET",
				"header": [
					{
						"key": "X-TenantID",
						"value": "zebratenant1",
						"type": "text"
					}
				],
				"url": {
					"raw": "http://localhost:9001/user-api/users/searchWithAttributes?firstName=RajaPeddanna&lastName=K&emailAddress=rajapeddanna.kadavakallu@gmail.com",
					"protocol": "http",
					"host": [
						"localhost"
					],
					"port": "9001",
					"path": [
						"user-api",
						"users",
						"searchWithAttributes"
					],
					"query": [
						{
							"key": "firstName",
							"value": "RajaPeddanna"
						},
						{
							"key": "lastName",
							"value": "K"
						},
						{
							"key": "emailAddress",
							"value": "rajapeddanna.kadavakallu@gmail.com"
						}
					]
				}
			},
			"response": []
		},
		{
			"name": "getUserById",
			"request": {
				"method": "GET",
				"header": [
					{
						"key": "X-TenantID",
						"value": "zebratenant3",
						"type": "text"
					}
				],
				"url": {
					"raw": "http://localhost:9001/user-api/getUserById/1003",
					"protocol": "http",
					"host": [
						"localhost"
					],
					"port": "9001",
					"path": [
						"user-api",
						"getUserById",
						"1003"
					]
				}
			},
			"response": []
		},
		{
			"name": "deleteUser",
			"request": {
				"method": "DELETE",
				"header": [
					{
						"key": "X-TenantID",
						"value": "zebratenant3",
						"type": "text"
					}
				],
				"url": {
					"raw": "http://localhost:9001/user-api/deleteUserById/1003",
					"protocol": "http",
					"host": [
						"localhost"
					],
					"port": "9001",
					"path": [
						"user-api",
						"deleteUserById",
						"1003"
					]
				}
			},
			"response": []
		},
		{
			"name": "updateUser",
			"request": {
				"method": "PUT",
				"header": [
					{
						"key": "X-TenantID",
						"value": "zebratenant3",
						"type": "text"
					}
				],
				"body": {
					"mode": "raw",
					"raw": "    {\r\n        \"id\": 1007,\r\n        \"firstName\": \"RajaPeddanna\",\r\n        \"lastName\": \"Update Test\",\r\n        \"emailAddress\": \"rajapeddanna.kadavakallu@gmail.com\",\r\n        \"tenantId\": \"zebratenant3\"\r\n    }",
					"options": {
						"raw": {
							"language": "json"
						}
					}
				},
				"url": {
					"raw": "http://localhost:9001/user-api/updateUser",
					"protocol": "http",
					"host": [
						"localhost"
					],
					"port": "9001",
					"path": [
						"user-api",
						"updateUser"
					]
				}
			},
			"response": []
		},
		{
			"name": "getUser with Email Id",
			"request": {
				"method": "GET",
				"header": [
					{
						"key": "X-TenantID",
						"value": "zebratenant3",
						"type": "text"
					}
				],
				"url": {
					"raw": "http://localhost:9001/user-api/getUserWithEmailId/zenon@gmail.com",
					"protocol": "http",
					"host": [
						"localhost"
					],
					"port": "9001",
					"path": [
						"user-api",
						"getUserWithEmailId",
						"zenon@gmail.com"
					]
				}
			},
			"response": []
		}
	]
}